{"cameraMode":{"drawMode":0,"name":"Shaded","section":"Shading Mode"},"sceneLighting":false,"audioPlay":false,"sceneViewState":{"m_AlwaysRefresh":false,"showFog":false,"showSkybox":false,"showFlares":false,"showImageEffects":false,"showParticleSystems":false,"showVisualEffectGraphs":true,"m_FxEnabled":true},"in2DMode":false,"pivot":{"x":0.21487459540367127,"y":1.3196916580200196,"z":-0.2945138216018677},"rotation":{"x":-0.031302597373723987,"y":0.9611923098564148,"z":-0.2453276664018631,"w":-0.12262024730443955},"size":0.7289590239524841,"orthographic":false}