{"cameraMode":{"drawMode":0,"name":"Shaded","section":"Shading Mode"},"sceneLighting":false,"audioPlay":false,"sceneViewState":{"m_AlwaysRefresh":false,"showFog":true,"showSkybox":false,"showFlares":true,"showImageEffects":true,"showParticleSystems":true,"showVisualEffectGraphs":true,"m_FxEnabled":true},"in2DMode":false,"pivot":{"x":0.15000000596046449,"y":0.5075860619544983,"z":-4.1842546463012699},"rotation":{"x":-0.008093464188277722,"y":0.04498346522450447,"z":0.00036490976344794035,"w":0.9989562630653381},"size":0.3099229633808136,"orthographic":false}